"date","round","word","meaning","example","translation","audio_url"
"2026-08-27","1/3 초급","attend","참석하다","Please attend the meeting on Monday morning.","월요일 오전 회의에 참석해 주세요.","https://cayson-choi.github.io/toeic-tts/audio/0e6cb51ab8.mp3"
"2026-08-27","1/3 중급","streamline","간소화하다, 능률화하다","The new system will streamline the order process.","새 시스템이 주문 절차를 간소화할 것이다.","https://cayson-choi.github.io/toeic-tts/audio/413a3a555c.mp3"
"2026-08-27","2/3 초급","confirm","확인하다, 확정하다","Please confirm the schedule before the meeting.","회의 전에 일정을 확인해 주세요.","https://cayson-choi.github.io/toeic-tts/audio/663922dde4.mp3"
"2026-08-27","2/3 중급","reimburse","환급하다, 상환하다","The company will reimburse your travel expenses.","회사가 당신의 출장 경비를 환급해 줄 것입니다.","https://cayson-choi.github.io/toeic-tts/audio/832b4e4448.mp3"
"2026-08-27","3/3 초급","deliver","배달하다, 전달하다","They will deliver the package tomorrow afternoon.","그들이 내일 오후에 소포를 배달할 것이다.","https://cayson-choi.github.io/toeic-tts/audio/18f03781f8.mp3"
"2026-08-27","3/3 중급","negotiate","협상하다","We must negotiate the contract terms before signing.","서명하기 전에 계약 조건을 협상해야 한다.","https://cayson-choi.github.io/toeic-tts/audio/e138fa180b.mp3"
"2026-08-28","1/3 초급","attach","첨부하다, 붙이다","Please attach the receipt to your expense report.","영수증을 지출 보고서에 첨부해 주세요.","https://cayson-choi.github.io/toeic-tts/audio/9dc2354110.mp3"
"2026-08-28","1/3 중급","allocate","할당하다, 배분하다","The manager will allocate more funds to marketing.","관리자가 마케팅에 더 많은 자금을 할당할 것이다.","https://cayson-choi.github.io/toeic-tts/audio/f40b32618f.mp3"
"2026-08-28","2/3 초급","submit","제출하다","Please submit the report before the deadline.","마감 기한 전에 보고서를 제출해 주세요.","https://cayson-choi.github.io/toeic-tts/audio/304a3248bc.mp3"
"2026-08-28","2/3 중급","implement","시행하다, 실행하다","The company will implement a new policy soon.","그 회사는 곧 새로운 정책을 시행할 것이다.","https://cayson-choi.github.io/toeic-tts/audio/6d44b574e4.mp3"
"2026-08-28","3/3 초급","schedule","일정을 잡다, 일정","Please schedule the meeting for Monday morning.","회의를 월요일 오전으로 잡아 주세요.","https://cayson-choi.github.io/toeic-tts/audio/3ffde20fc1.mp3"
"2026-08-28","3/3 중급","comprehensive","종합적인, 포괄적인","The report offers a comprehensive review of our sales.","그 보고서는 우리 매출에 대한 종합적인 검토를 제공한다.","https://cayson-choi.github.io/toeic-tts/audio/08deede8f6.mp3"
"2026-08-29","1/3 초급","invoice","송장, 청구서","Please send the invoice to our accounting department today.","오늘 우리 회계부서로 송장을 보내주세요.","https://cayson-choi.github.io/toeic-tts/audio/2daabdd809.mp3"
"2026-08-29","1/3 중급","itinerary","여행 일정표","The agency emailed our detailed itinerary for the conference.","여행사가 학회를 위한 상세 일정표를 이메일로 보냈다.","https://cayson-choi.github.io/toeic-tts/audio/9127e5347a.mp3"
"2026-08-29","2/3 초급","sign","서명하다","Please sign the contract before Friday.","금요일 전에 계약서에 서명해 주세요.","https://cayson-choi.github.io/toeic-tts/audio/8a752f4254.mp3"
"2026-08-29","2/3 중급","evaluate","평가하다","The manager will evaluate our quarterly performance.","부장님이 우리의 분기 실적을 평가할 것이다.","https://cayson-choi.github.io/toeic-tts/audio/4785056538.mp3"
"2026-08-29","3/3 초급","cancel","취소하다","We had to cancel the morning meeting.","우리는 오전 회의를 취소해야 했습니다.","https://cayson-choi.github.io/toeic-tts/audio/b18c575398.mp3"
"2026-08-29","3/3 중급","renovate","개조하다, 보수하다","The company will renovate its main office next month.","그 회사는 다음 달에 본사를 개조할 예정입니다.","https://cayson-choi.github.io/toeic-tts/audio/efd6b63197.mp3"
"2026-08-30","1/3 초급","contact","연락하다","Please contact the manager before the meeting starts.","회의가 시작되기 전에 매니저에게 연락해 주세요.","https://cayson-choi.github.io/toeic-tts/audio/ffa9754086.mp3"
"2026-08-30","1/3 중급","expand","확장하다","The company will expand its business into Asian markets.","그 회사는 아시아 시장으로 사업을 확장할 것이다.","https://cayson-choi.github.io/toeic-tts/audio/92e2c16d85.mp3"
"2026-08-30","2/3 초급","purchase","구매하다, 구입","Please purchase the office supplies today.","오늘 사무용품을 구매해 주세요.","https://cayson-choi.github.io/toeic-tts/audio/98537913c7.mp3"
"2026-08-30","2/3 중급","authorize","승인하다, 권한을 주다","The manager authorized the budget increase yesterday.","부장은 어제 예산 증액을 승인했다.","https://cayson-choi.github.io/toeic-tts/audio/e199129d1c.mp3"
"2026-08-30","3/3 초급","reply","답장하다, 회신하다","Please reply to the client by Friday.","금요일까지 그 고객에게 회신해 주세요.","https://cayson-choi.github.io/toeic-tts/audio/1d8f1bbd34.mp3"
"2026-08-30","3/3 중급","take effect","시행되다, 효력이 발생하다","The new policy will take effect next month.","새 정책은 다음 달부터 시행됩니다.","https://cayson-choi.github.io/toeic-tts/audio/dc412e6904.mp3"
"2026-08-31","1/3 초급","arrive","도착하다","The shipment will arrive next Monday morning.","그 배송품은 다음 주 월요일 아침에 도착합니다.","https://cayson-choi.github.io/toeic-tts/audio/8f07c11130.mp3"
"2026-08-31","1/3 중급","delegate","위임하다","The manager delegated several tasks to new staff.","그 관리자는 여러 업무를 신입 직원에게 위임했다.","https://cayson-choi.github.io/toeic-tts/audio/a378b47d98.mp3"
"2026-08-31","2/3 초급","receive","받다, 수령하다","Please receive the package at the front desk.","안내 데스크에서 소포를 수령해 주세요.","https://cayson-choi.github.io/toeic-tts/audio/041f9e8b17.mp3"
"2026-08-31","2/3 중급","anticipate","예상하다, 기대하다","We anticipate strong demand for the new product.","우리는 신제품에 대한 높은 수요를 예상합니다.","https://cayson-choi.github.io/toeic-tts/audio/5dd1e0cc96.mp3"
"2026-08-31","3/3 초급","reserve","예약하다","Please reserve a meeting room for Friday.","금요일에 쓸 회의실을 예약해 주세요.","https://cayson-choi.github.io/toeic-tts/audio/902592cdd5.mp3"
"2026-08-31","3/3 중급","compensate","보상하다","The company will compensate employees for travel costs.","회사는 직원들에게 출장 비용을 보상할 것이다.","https://cayson-choi.github.io/toeic-tts/audio/0463f5f6da.mp3"
"2026-09-01","1/3 초급","explain","설명하다","Please explain the new policy to our team.","새 정책을 우리 팀에게 설명해 주세요.","https://cayson-choi.github.io/toeic-tts/audio/488798123a.mp3"
"2026-09-01","1/3 중급","prospective","장래의, 유망한","We met several prospective clients today.","오늘 잠재 고객 몇 명을 만났습니다.","https://cayson-choi.github.io/toeic-tts/audio/46822ba6cf.mp3"
"2026-09-01","2/3 초급","apply","지원하다, 신청하다","She applied for a marketing position last week.","그녀는 지난주에 마케팅 직책에 지원했다.","https://cayson-choi.github.io/toeic-tts/audio/b59ad9cc9b.mp3"
"2026-09-01","2/3 중급","feasible","실현 가능한, 실행할 수 있는","Your plan seems feasible with our current budget.","당신의 계획은 현재 예산으로 실현 가능해 보인다.","https://cayson-choi.github.io/toeic-tts/audio/bae8480c81.mp3"
"2026-09-01","3/3 초급","report","보고서, 보고하다","Please return the report by Friday.","금요일까지 보고서를 반납해 주세요.","https://cayson-choi.github.io/toeic-tts/audio/a0f6027f20.mp3"
"2026-09-01","3/3 중급","supervise","감독하다, 관리하다","The manager will supervise the new project team.","그 관리자가 새 프로젝트 팀을 감독할 것입니다.","https://cdn.jsdelivr.net/gh/Cayson-Choi/toeic-tts@main/audio/0c248d11d5.mp3"
"2026-09-02","1/3 초급","repair","수리하다, 고치다","The technician will repair the copy machine today.","기술자가 오늘 복사기를 수리할 것입니다.","https://cayson-choi.github.io/toeic-tts/audio/31d3877f49.mp3"
"2026-09-02","1/3 중급","acknowledge","인정하다, 수령을 알리다","We acknowledge receipt of your recent order.","귀하의 최근 주문을 수령했음을 알려드립니다.","https://cayson-choi.github.io/toeic-tts/audio/83b3c6b632.mp3"
"2026-09-02","2/3 초급","forward","전달하다, 보내다","Please forward this email to the sales manager.","이 이메일을 영업부장에게 전달해 주세요.","https://cayson-choi.github.io/toeic-tts/audio/79a495a986.mp3"
"2026-09-02","2/3 중급","enhance","향상시키다, 강화하다","The new policy will enhance workplace safety.","새 정책은 직장 안전을 향상시킬 것이다.","https://cayson-choi.github.io/toeic-tts/audio/2ebc38111d.mp3"
"2026-09-02","3/3 초급","refund","환불하다, 환불","Please refund the extra shipping fee.","추가 배송비를 환불해 주세요.","https://cayson-choi.github.io/toeic-tts/audio/7413c95697.mp3"
"2026-09-03","1/3 초급","order","주문하다, 주문","We ordered new office chairs last week.","우리는 지난주에 새 사무실 의자를 주문했다.","https://cayson-choi.github.io/toeic-tts/audio/8089023da5.mp3"
"2026-09-03","1/3 중급","accommodate","수용하다, 편의를 제공하다","The hotel can accommodate up to 300 guests.","그 호텔은 최대 300명의 손님을 수용할 수 있다.","https://cayson-choi.github.io/toeic-tts/audio/4330e66f1c.mp3"
"2026-09-03","2/3 초급","register","등록하다, 신청하다","Please register for the workshop before Friday.","금요일 전에 워크숍에 등록해 주세요.","https://cayson-choi.github.io/toeic-tts/audio/ce07f081b7.mp3"
"2026-09-03","2/3 중급","mandatory","의무적인, 필수의","Safety training is mandatory for all new employees.","안전 교육은 모든 신입 사원에게 의무입니다.","https://cayson-choi.github.io/toeic-tts/audio/6122df49f1.mp3"
"2026-09-03","3/3 초급","extra","추가의, 여분의","Please return the extra copies to the office.","여분의 복사본을 사무실로 반납해 주세요.","https://cayson-choi.github.io/toeic-tts/audio/2704da8433.mp3"
"2026-09-03","3/3 중급","oversee","감독하다, 총괄하다","The manager will oversee the new project.","그 관리자가 새 프로젝트를 감독할 것이다.","https://cayson-choi.github.io/toeic-tts/audio/dbd05dd1f5.mp3"
"2026-09-04","1/3 초급","fill out","기입하다, 작성하다","Please fill out the application form completely.","신청서를 빠짐없이 작성해 주세요.","https://cayson-choi.github.io/toeic-tts/audio/4dae21aa39.mp3"
"2026-09-04","1/3 중급","inquire","문의하다, 알아보다","She called to inquire about the job opening.","그녀는 채용 공고에 대해 문의하려고 전화했다.","https://cayson-choi.github.io/toeic-tts/audio/8d3892afa1.mp3"
"2026-09-04","2/3 초급","arrange","준비하다, 정하다","Please arrange a meeting with the new client.","새 고객과의 회의를 잡아 주세요.","https://cayson-choi.github.io/toeic-tts/audio/bfe5a9d811.mp3"
"2026-09-04","2/3 중급","reluctant","꺼리는, 주저하는","He was reluctant to accept the transfer offer.","그는 전근 제안을 받아들이기를 꺼렸다.","https://cayson-choi.github.io/toeic-tts/audio/bcfaa95916.mp3"
"2026-09-04","3/3 초급","postpone","연기하다, 미루다","We postponed the meeting until next Monday.","우리는 회의를 다음 주 월요일로 연기했습니다.","https://cayson-choi.github.io/toeic-tts/audio/c87971c0c5.mp3"
"2026-09-04","3/3 중급","expedite","신속히 처리하다","Please expedite the shipment to our new client.","새 고객에게 가는 배송을 신속히 처리해 주세요.","https://cayson-choi.github.io/toeic-tts/audio/ec6308c712.mp3"
"2026-09-05","2/3 초급","return","반납하다, 돌려주다","Please return the damaged item to the store.","손상된 물품을 매장으로 반납해 주세요.","https://tinyurl.com/2xooe9y3"
"2026-09-05","2/3 중급","disclose","공개하다, 밝히다","The board will disclose the merger details next week.","이사회는 다음 주에 합병 세부 사항을 공개할 것이다.","https://cayson-choi.github.io/toeic-tts/audio/3a18539899.mp3"
"2026-09-05","1/3 초급","return","반납하다, 반품하다","Please return the item within seven days.","7일 이내에 그 물품을 반품해 주세요.","https://cayson-choi.github.io/toeic-tts/audio/71b474f8ee.mp3"
"2026-09-05","1/3 중급","prioritize","우선순위를 두다","We must prioritize the urgent client requests today.","오늘은 긴급한 고객 요청을 우선 처리해야 합니다.","https://cayson-choi.github.io/toeic-tts/audio/f45f705e64.mp3"
"2026-09-05","3/3 초급","remind","상기시키다, 일깨우다","Please remind me about the meeting tomorrow.","내일 회의에 대해 저에게 상기시켜 주세요.","https://cayson-choi.github.io/toeic-tts/audio/0cbed167a0.mp3"
"2026-09-05","3/3 중급","designate","지정하다, 임명하다","The manager will designate a new project leader today.","부장님이 오늘 새 프로젝트 팀장을 임명할 것이다.","https://cayson-choi.github.io/toeic-tts/audio/7f0f1a81e2.mp3"
"2026-09-07","2/3 초급","assist","돕다, 보조하다","Please assist the new client with her order.","새 고객의 주문을 도와주세요.","https://tinyurl.com/23rscw6v"
"2026-09-07","2/3 중급","endorse","지지하다, 승인하다","The manager will endorse the new safety policy.","관리자가 새 안전 정책을 승인할 것입니다.","https://tinyurl.com/28ffnsxz"
"2026-09-07","1/3 초급","discount","할인","The store offers a discount on all winter coats.","그 가게는 모든 겨울 코트를 할인해 준다.","https://cayson-choi.github.io/toeic-tts/audio/cf895007f0.mp3"
"2026-09-07","1/3 중급","eligible","자격이 있는","Only full-time employees are eligible for the bonus.","정규직 직원만 보너스를 받을 자격이 있다.","https://cayson-choi.github.io/toeic-tts/audio/76b555cd7e.mp3"
"2026-09-07","3/3 초급","deposit","예금하다, 입금하다","Please deposit the check at the bank today.","오늘 은행에 그 수표를 입금해 주세요.","https://cayson-choi.github.io/toeic-tts/audio/d0a0be875a.mp3"
"2026-09-07","3/3 중급","endorse","지지하다, 승인하다","The board will endorse the merger proposal.","이사회가 그 합병 제안을 승인할 것이다.","https://cayson-choi.github.io/toeic-tts/audio/cb0e1d764f.mp3"
"2026-09-07","2/3 초급","prepare","준비하다","Please prepare the sales report before tomorrow's meeting.","내일 회의 전에 영업 보고서를 준비해 주세요.","https://cayson-choi.github.io/toeic-tts/audio/21455d71a8.mp3"
"2026-09-07","2/3 중급","consolidate","통합하다, 합치다","We will consolidate the two departments to reduce costs.","우리는 비용 절감을 위해 두 부서를 통합할 것입니다.","https://cayson-choi.github.io/toeic-tts/audio/6c9b0f5621.mp3"
"2026-09-07","3/3 초급","review","검토하다, 검토","Please review the attached document before Friday.","금요일 전에 첨부된 문서를 검토해 주세요.","https://cayson-choi.github.io/toeic-tts/audio/17107ca557.mp3"
"2026-09-07","3/3 중급","retain","유지하다, 보유하다","We must retain all receipts for tax purposes.","우리는 세무 목적으로 모든 영수증을 보관해야 합니다.","https://cayson-choi.github.io/toeic-tts/audio/01682bc235.mp3"
"2026-09-08","1/3 초급","deadline","마감 기한","Please sign the document before the deadline.","마감 기한 전에 서류에 서명해 주세요.","https://cayson-choi.github.io/toeic-tts/audio/134dd22a40.mp3"
"2026-09-08","1/3 중급","waive","면제하다, 철회하다","The bank waived the late payment fee for loyal customers.","은행은 단골 고객에게 연체료를 면제해 주었다.","https://cayson-choi.github.io/toeic-tts/audio/18b8fd5f60.mp3"
"2026-09-08","2/3 초급","notify","알리다, 통지하다","Please notify us if your address changes.","주소가 변경되면 저희에게 알려 주세요.","https://cayson-choi.github.io/toeic-tts/audio/7870b9f8d4.mp3"
"2026-09-08","2/3 중급","tentative","잠정적인, 임시의","The meeting date is still tentative.","회의 날짜는 아직 잠정적입니다.","https://cayson-choi.github.io/toeic-tts/audio/e806579a5f.mp3"
"2026-09-08","3/3 초급","blank","빈칸, 여백","Please fill in the blank on the form.","양식의 빈칸을 채워 주세요.","https://cayson-choi.github.io/toeic-tts/audio/f07df5e27c.mp3"
"2026-09-08","3/3 중급","merge","합병하다, 통합하다","The company will merge with a local firm.","그 회사는 지역 업체와 합병할 것이다.","https://cayson-choi.github.io/toeic-tts/audio/2e994799d9.mp3"
"2026-09-09","1/3 초급","hire","고용하다","We will hire two new employees next month.","우리는 다음 달에 신입 사원 두 명을 고용할 것이다.","https://cayson-choi.github.io/toeic-tts/audio/5180bc18cb.mp3"
"2026-09-09","1/3 중급","commence","시작하다, 개시하다","The board meeting will commence at nine sharp.","이사회 회의는 9시 정각에 시작될 것이다.","https://cayson-choi.github.io/toeic-tts/audio/eaaf40f292.mp3"
"2026-09-09","2/3 초급","form","양식, 서식","Please complete the form before the interview.","면접 전에 양식을 작성해 주세요.","https://cayson-choi.github.io/toeic-tts/audio/f9753192f1.mp3"
"2026-09-09","2/3 중급","verify","확인하다, 입증하다","The manager will verify the shipping details today.","관리자가 오늘 배송 세부 사항을 확인할 것입니다.","https://cayson-choi.github.io/toeic-tts/audio/3bfa890cd1.mp3"
"2026-09-10","3/3 초급","discuss","논의하다, 상의하다","Let's discuss the budget at today's meeting.","오늘 회의에서 예산을 논의합시다.","https://cayson-choi.github.io/toeic-tts/audio/5712588c7a.mp3"
"2026-09-10","3/3 중급","outstanding","미지불된, 미결제의","Please pay the outstanding balance today.","미지불 잔액을 오늘 결제해 주세요.","https://cayson-choi.github.io/toeic-tts/audio/f4e197ad47.mp3"
"2026-09-10","2/3 초급","available","이용 가능한, 시간이 되는","The meeting room is available after three o'clock.","그 회의실은 3시 이후에 이용 가능합니다.","https://cayson-choi.github.io/toeic-tts/audio/ca58cb5961.mp3"
"2026-09-10","2/3 중급","compile","취합하다, 편집하여 작성하다","Please compile the sales data before Friday's meeting.","금요일 회의 전에 판매 자료를 취합해 주세요.","https://cayson-choi.github.io/toeic-tts/audio/a7599940b6.mp3"
"2026-09-11","3/3 초급","borrow","빌리다","Can I borrow your pen for a minute?","잠깐 펜 좀 빌려도 될까요?","https://cayson-choi.github.io/toeic-tts/audio/600649bb05.mp3"
"2026-09-11","3/3 중급","adjacent","인접한","The parking lot is adjacent to the main office.","주차장은 본관 사무실 바로 옆에 있다.","https://cayson-choi.github.io/toeic-tts/audio/1ffb9b6ad8.mp3"
"2026-09-11","1/3 초급","print","인쇄하다","Please print ten copies of the agenda.","안건 자료를 10부 인쇄해 주세요.","https://cayson-choi.github.io/toeic-tts/audio/2dfb900fe0.mp3"
"2026-09-11","1/3 중급","revise","수정하다, 개정하다","We need to revise the budget before Friday.","우리는 금요일 전에 예산을 수정해야 합니다.","https://cayson-choi.github.io/toeic-tts/audio/33692ebda1.mp3"
"2026-09-11","2/3 초급","update","업데이트하다, 갱신하다","Please update the file before the meeting.","회의 전에 파일을 업데이트해 주세요.","https://cayson-choi.github.io/toeic-tts/audio/cce9719cd2.mp3"
"2026-09-11","2/3 중급","adhere","준수하다, 고수하다","All staff must adhere to the safety rules.","모든 직원은 안전 규칙을 준수해야 합니다.","https://cayson-choi.github.io/toeic-tts/audio/9d0c35142f.mp3"
"2026-09-11","3/3 초급","check","확인하다","Please check your email before the meeting.","회의 전에 이메일을 확인해 주세요.","https://cayson-choi.github.io/toeic-tts/audio/5478b98a5f.mp3"
"2026-09-11","3/3 중급","relocate","이전하다","The company will relocate its headquarters to Seoul.","회사는 본사를 서울로 옮길 것이다.","https://cayson-choi.github.io/toeic-tts/audio/e6e538f7f7.mp3"
"2026-09-12","1/3 초급","request","요청하다","Please request a meeting room for Friday.","금요일 회의실을 요청해 주세요.","https://cayson-choi.github.io/toeic-tts/audio/0678ac159b.mp3"
"2026-09-12","1/3 중급","incur","(비용을) 발생시키다, 초래하다","Late payments will incur an additional fee.","연체 시 추가 요금이 발생합니다.","https://cayson-choi.github.io/toeic-tts/audio/4764c45675.mp3"
"2026-09-12","2/3 초급","invite","초대하다","We invited all clients to the opening ceremony.","우리는 모든 고객을 개막식에 초대했다.","https://cayson-choi.github.io/toeic-tts/audio/62214482e4.mp3"
"2026-09-12","2/3 중급","comply","준수하다, 따르다","All employees must comply with the new safety rules.","모든 직원은 새 안전 규정을 준수해야 한다.","https://cayson-choi.github.io/toeic-tts/audio/2e78d463d6.mp3"
"2026-09-12","3/3 초급","announce","발표하다, 알리다","The manager will announce the new policy tomorrow.","관리자가 내일 새 정책을 발표할 것이다.","https://cayson-choi.github.io/toeic-tts/audio/c050545427.mp3"
"2026-09-12","3/3 중급","itemize","항목별로 기재하다","Please itemize all expenses on the report.","보고서에 모든 경비를 항목별로 기재해 주세요.","https://cayson-choi.github.io/toeic-tts/audio/89bb350ab2.mp3"
"2026-09-13","1/3 초급","turn off","끄다","Please turn off the lights before leaving.","나가기 전에 불을 꺼 주세요.","https://cayson-choi.github.io/toeic-tts/audio/b0165e5a7e.mp3"
"2026-09-13","1/3 중급","projection","예측, 추정치","Sales projections for next quarter look promising.","다음 분기 매출 예측치가 유망해 보입니다.","https://cayson-choi.github.io/toeic-tts/audio/2a37b82d5f.mp3"
"2026-09-13","2/3 초급","copy","복사하다","Please copy this document for the meeting.","회의를 위해 이 문서를 복사해 주세요.","https://cayson-choi.github.io/toeic-tts/audio/ae784154fc.mp3"
"2026-09-13","2/3 중급","assess","평가하다, 산정하다","The manager will assess the proposal next week.","부장님이 다음 주에 그 제안서를 평가할 것이다.","https://cayson-choi.github.io/toeic-tts/audio/58ade25319.mp3"
"2026-09-13","3/3 초급","save","저장하다","Please save the file before you leave.","퇴근하기 전에 파일을 저장해 주세요.","https://cdn.jsdelivr.net/gh/Cayson-Choi/toeic-tts@main/audio/d338dba751.mp3"
"2026-09-13","3/3 중급","affect","영향을 미치다","The new policy will affect all overseas branches.","새 정책은 모든 해외 지점에 영향을 미칠 것이다.","https://cdn.jsdelivr.net/gh/Cayson-Choi/toeic-tts@main/audio/78a3e6fa10.mp3"
"2026-09-14","1/3 초급","share","공유하다","Please share the file with your team.","파일을 팀과 공유해 주세요.","https://cayson-choi.github.io/toeic-tts/audio/0117a2bf01.mp3"
"2026-09-14","1/3 중급","clarify","명확히 하다","The manager will clarify the new policy tomorrow.","매니저가 내일 새 정책을 명확히 설명할 것이다.","https://cayson-choi.github.io/toeic-tts/audio/00365db396.mp3"
"2026-09-14","2/3 초급","introduce","소개하다","Let me introduce our new sales manager.","새 영업 관리자를 소개하겠습니다.","https://cdn.jsdelivr.net/gh/Cayson-Choi/toeic-tts@main/audio/9f17d564d5.mp3"
"2026-09-14","2/3 중급","reconcile","대조하여 맞추다, 조정하다","Please reconcile the account statements by Friday.","금요일까지 계좌 명세서를 대조해 맞춰 주세요.","https://cayson-choi.github.io/toeic-tts/audio/895d4f64d2.mp3"
"2026-09-14","3/3 초급","turn on","켜다","Please turn on the lights.","불을 켜 주세요.","https://cdn.jsdelivr.net/gh/Cayson-Choi/toeic-tts@main/audio/f3d1485694.mp3"
"2026-09-14","3/3 중급","launch","출시하다","The company will launch a new product soon.","그 회사는 곧 신제품을 출시할 것이다.","https://cayson-choi.github.io/toeic-tts/audio/0c675f0bd6.mp3"
"2026-09-15","1/3 초급","turn in","제출하다","Please turn in your timesheet by Friday.","금요일까지 근무시간표를 제출해 주세요.","https://cayson-choi.github.io/toeic-tts/audio/eb318cdfa3.mp3"
"2026-09-15","1/3 중급","procure","조달하다, 구하다","We need to procure new laptops for staff.","직원용 새 노트북을 조달해야 합니다.","https://cayson-choi.github.io/toeic-tts/audio/a497a08be6.mp3"
"2026-09-15","2/3 초급","close","닫다","Please close the door when you leave.","나갈 때 문을 닫아 주세요.","https://cayson-choi.github.io/toeic-tts/audio/b86ccd18b3.mp3"
"2026-09-15","2/3 중급","obtain","얻다, 획득하다","We must obtain approval before the event.","행사 전에 승인을 받아야 합니다.","https://cayson-choi.github.io/toeic-tts/audio/eb101d4bf2.mp3"
"2026-09-15","3/3 초급","visit","방문하다","Our clients will visit the office tomorrow.","고객들이 내일 사무실을 방문할 것이다.","https://cayson-choi.github.io/toeic-tts/audio/0639a795af.mp3"
"2026-09-15","3/3 중급","fluctuate","변동하다, 오르내리다","Fuel prices fluctuate throughout the year.","연료 가격은 일 년 내내 변동한다.","https://cayson-choi.github.io/toeic-tts/audio/d0ff1f768e.mp3"
"2026-09-16","1/3 초급","colleague","동료","My colleague will help you with the report.","제 동료가 그 보고서를 도와드릴 겁니다.","https://cayson-choi.github.io/toeic-tts/audio/cfb270e0c4.mp3"
"2026-09-16","1/3 중급","vacancy","공석, 결원","We have a vacancy in the sales department.","영업부에 공석이 하나 있습니다.","https://cdn.jsdelivr.net/gh/Cayson-Choi/toeic-tts@main/audio/a8b0acd827.mp3"
"2026-09-16","2/3 초급","receipt","영수증","Please keep the receipt for your refund.","환불을 위해 영수증을 보관해 주세요.","https://cayson-choi.github.io/toeic-tts/audio/9cb8e5948b.mp3"
"2026-09-16","2/3 중급","incentive","장려금, 우대책","The company offers incentives to top sales staff.","회사는 최고 영업 직원들에게 장려금을 제공한다.","https://cayson-choi.github.io/toeic-tts/audio/a5cba8b28f.mp3"
"2026-09-17","3/3 초급","lend","빌려주다","Can you lend me your pen for a minute?","잠깐 펜 좀 빌려줄 수 있나요?","https://cayson-choi.github.io/toeic-tts/audio/5398639ac0.mp3"
"2026-09-17","3/3 중급","facilitate","용이하게 하다, 촉진하다","The new software will facilitate communication between departments.","새 소프트웨어는 부서 간 소통을 원활하게 할 것이다.","https://cdn.jsdelivr.net/gh/Cayson-Choi/toeic-tts@main/audio/e8ef1b604d.mp3"
"2026-09-17","1/3 초급","bill","청구서, 계산서","Please pay the bill by Friday.","금요일까지 청구서를 납부해 주세요.","https://cayson-choi.github.io/toeic-tts/audio/319099e806.mp3"
"2026-09-17","1/3 중급","output","생산량, 산출량","The factory will increase its output next year.","그 공장은 내년에 생산량을 늘릴 것이다.","https://cayson-choi.github.io/toeic-tts/audio/6d393e6d92.mp3"
"2026-09-17","2/3 초급","turn down","소리를 줄이다; 거절하다","Please turn down the music in the office.","사무실 음악 소리 좀 줄여 주세요.","https://cayson-choi.github.io/toeic-tts/audio/423520a6f2.mp3"
"2026-09-17","2/3 중급","streamline","간소화하다, 효율화하다","The manager will streamline the approval process.","관리자가 승인 절차를 간소화할 것이다.","https://cayson-choi.github.io/toeic-tts/audio/d6485deb23.mp3"
"2026-09-18","3/3 초급","deliver","배달하다, 전달하다","We will deliver the package by Friday.","금요일까지 소포를 배달해 드리겠습니다.","https://tinyurl.com/2dnadb6v"
"2026-09-18","3/3 중급","reimburse","상환하다, 환급하다","The company will reimburse your travel expenses.","회사가 출장 경비를 환급해 드릴 것입니다.","https://cayson-choi.github.io/toeic-tts/audio/832b4e4448.mp3"
"2026-09-18","1/3 초급","attend","참석하다","Please attend the meeting at 3 p.m.","오후 3시 회의에 참석해 주세요.","https://tinyurl.com/2dqoj4qr"
"2026-09-18","1/3 중급","reimburse","상환하다, 환급하다","The company will reimburse your travel expenses.","회사가 출장 경비를 환급해 줄 것입니다.","https://cayson-choi.github.io/toeic-tts/audio/832b4e4448.mp3"
"2026-09-18","2/3 초급","bring","가져오다","Please bring your ID card to the front desk.","신분증을 안내 데스크로 가져와 주세요.","https://tinyurl.com/2cabqfq7"
"2026-09-18","2/3 중급","increase","늘리다, 증가시키다","The factory will increase production to meet demand.","공장은 수요를 맞추기 위해 생산량을 늘릴 것이다.","https://cayson-choi.github.io/toeic-tts/audio/72f9041f36.mp3"
"2026-09-19","3/3 초급","schedule","일정을 잡다","Please schedule the meeting for Monday morning.","회의를 월요일 오전으로 잡아 주세요.","https://cayson-choi.github.io/toeic-tts/audio/3ffde20fc1.mp3"
"2026-09-19","3/3 중급","allocate","할당하다, 배분하다","We need to allocate more funds to marketing.","마케팅에 더 많은 자금을 할당해야 합니다.","https://tinyurl.com/2celjm5e"
"2026-09-19","1/3 초급","schedule","일정을 잡다","Please schedule the meeting for next Monday.","다음 주 월요일로 회의 일정을 잡아 주세요.","https://cayson-choi.github.io/toeic-tts/audio/a175fd4ccd.mp3"
"2026-09-19","1/3 중급","allocate","할당하다, 배분하다","We need to allocate more funds to marketing.","우리는 마케팅에 더 많은 자금을 배분해야 한다.","https://cayson-choi.github.io/toeic-tts/audio/fb807c8dba.mp3"
"2026-09-19","2/3 초급","attach","첨부하다","Please attach the file to your email.","이메일에 파일을 첨부해 주세요.","https://cayson-choi.github.io/toeic-tts/audio/7fd7f947e1.mp3"
"2026-09-19","2/3 중급","implement","시행하다, 실행하다","We need to implement the new policy next month.","우리는 다음 달에 새 정책을 시행해야 합니다.","https://cayson-choi.github.io/toeic-tts/audio/afc09ead1b.mp3"
"2026-09-20","3/3 초급","confirm","확인하다","Please confirm the meeting time by email.","이메일로 회의 시간을 확인해 주세요.","https://tinyurl.com/2bmb3ubj"
"2026-09-20","3/3 중급","negotiate","협상하다","We will negotiate the contract terms tomorrow.","우리는 내일 계약 조건을 협상할 것입니다.","https://cayson-choi.github.io/toeic-tts/audio/52a88b9263.mp3"
"2026-09-20","1/3 초급","confirm","확인하다, 확정하다","Please confirm the meeting time by email.","회의 시간을 이메일로 확인해 주세요.","https://cayson-choi.github.io/toeic-tts/audio/181e8d6cb9.mp3"
"2026-09-20","1/3 중급","precedence","우선순위, 우선권","The new policy will take precedence over old rules.","새 정책이 기존 규정보다 우선합니다.","https://cayson-choi.github.io/toeic-tts/audio/5e519a16f4.mp3"
"2026-09-20","2/3 초급","sign","서명하다","Please sign the contract before Friday.","금요일 전에 계약서에 서명해 주세요.","https://cayson-choi.github.io/toeic-tts/audio/8a752f4254.mp3"
"2026-09-20","2/3 중급","itinerary","여행 일정표","Our itinerary includes two client meetings tomorrow.","우리 일정표에는 내일 고객 미팅 두 건이 있습니다.","https://cayson-choi.github.io/toeic-tts/audio/ce9578ac6c.mp3"
"2026-09-20","3/3 초급","contract","계약서, 계약","Please sign the contract by Friday.","금요일까지 계약서에 서명해 주세요.","https://cayson-choi.github.io/toeic-tts/audio/2551baf353.mp3"
"2026-09-20","3/3 중급","exempt","면제된, 면제하다","Small orders are exempt from the delivery fee.","소액 주문은 배송비가 면제됩니다.","https://cayson-choi.github.io/toeic-tts/audio/53a757a2f8.mp3"
"2026-09-21","2/3 초급","submit","제출하다","Please submit the report by Friday.","금요일까지 보고서를 제출해 주세요.","https://tinyurl.com/28u4gy5b"
"2026-09-21","2/3 중급","accumulate","축적하다, 모으다","Employees accumulate vacation days throughout the year.","직원들은 일 년 내내 휴가 일수를 적립한다.","https://cayson-choi.github.io/toeic-tts/audio/fc0c815fe5.mp3"
"2026-09-21","1/3 초급","cancel","취소하다","Please cancel my meeting with the client tomorrow.","내일 고객과의 회의를 취소해 주세요.","https://cayson-choi.github.io/toeic-tts/audio/3f207054f9.mp3"
"2026-09-21","1/3 중급","substantial","상당한, 많은","The company made a substantial profit last quarter.","그 회사는 지난 분기에 상당한 수익을 냈다.","https://cayson-choi.github.io/toeic-tts/audio/a7cf35f0e3.mp3"
"2026-09-21","3/3 초급","fee","요금, 수수료","Please pay the fee at the front desk.","안내 데스크에서 요금을 내 주세요.","https://cayson-choi.github.io/toeic-tts/audio/967effe13e.mp3"
"2026-09-21","3/3 중급","diversify","다각화하다, 다양화하다","The company plans to diversify its product line next year.","그 회사는 내년에 제품군을 다각화할 계획이다.","https://cayson-choi.github.io/toeic-tts/audio/7795e8b60e.mp3"
"2026-09-22","1/3 초급","reserve","예약하다","Please reserve a meeting room for tomorrow.","내일 쓸 회의실을 예약해 주세요.","https://cayson-choi.github.io/toeic-tts/audio/eab7612034.mp3"
"2026-09-22","1/3 중급","subsequent","그 다음의, 이후의","Subsequent meetings will be held online.","이후 회의들은 온라인으로 열릴 것입니다.","https://cayson-choi.github.io/toeic-tts/audio/20048904c7.mp3"
"2026-09-22","2/3 초급","greet","맞이하다, 인사하다","Please greet every customer with a smile.","모든 고객을 미소로 맞이해 주세요.","https://cayson-choi.github.io/toeic-tts/audio/361ce81aa6.mp3"
"2026-09-22","2/3 중급","anticipate","예상하다, 기대하다","We anticipate strong sales next quarter.","다음 분기에 강한 매출을 예상합니다.","https://cayson-choi.github.io/toeic-tts/audio/a6b714108e.mp3"
"2026-09-22","3/3 초급","send","보내다","Please send me the file by email.","그 파일을 이메일로 보내 주세요.","https://cayson-choi.github.io/toeic-tts/audio/74f1a90aa0.mp3"
"2026-09-22","3/3 중급","effective","시행되는, 효력 있는","The new policy will be effective next month.","새 정책은 다음 달부터 시행될 것이다.","https://cayson-choi.github.io/toeic-tts/audio/3f7098f1d2.mp3"
"2026-09-28","2/3 초급","arrive","도착하다","Please arrive at the office by nine.","9시까지 사무실에 도착해 주세요.","https://tinyurl.com/2c5uqs33"
"2026-09-28","2/3 중급","prospective","장래의, 잠재적인","We met a prospective client this morning.","우리는 오늘 아침 잠재 고객을 만났다.","https://tinyurl.com/2bmxx83v"
"2026-09-28","3/3 초급","arrive","도착하다","Please arrive at the office by nine.","9시까지 사무실에 도착해 주세요.","https://cdn.jsdelivr.net/gh/Cayson-Choi/toeic-tts@main/audio/6a9a2bc353.mp3"
"2026-09-28","3/3 중급","comprehensive","포괄적인, 종합적인","The report includes a comprehensive market analysis.","그 보고서에는 종합적인 시장 분석이 포함되어 있다.","https://cayson-choi.github.io/toeic-tts/audio/838c6c5079.mp3"
"2026-09-28","1/3 초급","meeting","회의","The meeting starts at ten tomorrow morning.","회의는 내일 아침 10시에 시작합니다.","https://cayson-choi.github.io/toeic-tts/audio/23fdb8a034.mp3"
"2026-09-28","1/3 중급","comprehensive","포괄적인, 종합적인","We offer comprehensive training for all new employees.","저희는 모든 신입 직원에게 종합적인 교육을 제공합니다.","https://cayson-choi.github.io/toeic-tts/audio/89ceaefd69.mp3"
"2026-09-28","2/3 초급","refund","환불","I asked for a refund at the store.","나는 가게에서 환불을 요청했다.","https://cayson-choi.github.io/toeic-tts/audio/cdc94e4624.mp3"
"2026-09-28","2/3 중급","accommodate","수용하다","The hall can accommodate up to 200 guests.","그 홀은 최대 200명의 손님을 수용할 수 있다.","https://cayson-choi.github.io/toeic-tts/audio/fd81af706e.mp3"
"2026-09-28","3/3 초급","order","주문하다","Please order more paper for the office.","사무실용 종이를 더 주문해 주세요.","https://cayson-choi.github.io/toeic-tts/audio/7829f11e31.mp3"
"2026-09-28","3/3 중급","renovate","개조하다, 보수하다","The hotel will renovate its lobby next month.","그 호텔은 다음 달에 로비를 개조할 것이다.","https://cayson-choi.github.io/toeic-tts/audio/e7b8947b93.mp3"
"2026-09-29","2/3 초급","purchase","구매하다","I want to purchase a new laptop for work.","업무용 새 노트북을 구매하고 싶어요.","https://tinyurl.com/28jgnh4k"
"2026-09-29","2/3 중급","mandatory","의무적인, 필수의","Safety training is mandatory for all new employees.","모든 신입 직원은 안전 교육이 필수입니다.","https://tinyurl.com/233arnzn"
"2026-09-29","1/3 초급","exchange","교환하다","You can exchange the item within seven days.","7일 이내에 상품을 교환할 수 있습니다.","https://tinyurl.com/2d5dewl9"
"2026-09-29","1/3 중급","mandatory","의무적인, 필수의","Attendance at the safety training is mandatory.","안전 교육 참석은 의무입니다.","https://cdn.jsdelivr.net/gh/Cayson-Choi/toeic-tts@main/audio/d45c98605d.mp3"
"2026-09-29","3/3 초급","purchase","구매하다","I need to purchase more paper for the office.","사무실용 종이를 더 구매해야 합니다.","https://tinyurl.com/25scoo86"
"2026-09-29","3/3 중급","mandatory","의무적인, 필수의","Attendance at the safety training is mandatory for all staff.","안전 교육 참석은 전 직원에게 의무입니다.","https://cayson-choi.github.io/toeic-tts/audio/3158a2c187.mp3"
"2026-10-02","1/3 초급","install","설치하다","The technician will install the new printer this afternoon.","기술자가 오늘 오후에 새 프린터를 설치할 것입니다.","https://cayson-choi.github.io/toeic-tts/audio/cdbcbd639c.mp3"
"2026-10-02","1/3 중급","overdue","기한이 지난, 연체된","Please settle the overdue invoice before the end of this month.","이번 달 말 전에 연체된 청구서를 결제해 주세요.","https://cayson-choi.github.io/toeic-tts/audio/b463f64aa6.mp3"
"2026-10-02","2/3 초급","renew","갱신하다, 연장하다","Please renew your membership before the end of this month.","이번 달 말 전에 회원권을 갱신해 주세요.","https://cayson-choi.github.io/toeic-tts/audio/cd988c8270.mp3"
"2026-10-02","2/3 중급","collaborate","협력하다, 공동 작업하다","The two departments will collaborate on the new marketing campaign.","두 부서는 새 마케팅 캠페인에서 협력할 것입니다.","https://cayson-choi.github.io/toeic-tts/audio/80560b4656.mp3"
2026-10-02,3/3 초급,approve,"승인하다, 찬성하다",The manager will approve the travel request by Friday afternoon.,매니저가 금요일 오후까지 출장 신청을 승인할 것입니다.,https://cayson-choi.github.io/toeic-tts/audio/891c5dd32b.mp3
2026-10-02,3/3 중급,mitigate,"완화하다, 경감시키다",We need to mitigate the risks before the new product launch next month.,다음 달 신제품 출시 전에 위험 요소를 완화해야 합니다.,https://cayson-choi.github.io/toeic-tts/audio/e0443a087f.mp3
2026-10-03,1/3 초급,organize,"정리하다, 조직하다",Please organize the files on the shared drive before the audit begins.,감사가 시작되기 전에 공유 드라이브의 파일을 정리해 주세요.,https://cayson-choi.github.io/toeic-tts/audio/84109dc7f4.mp3
2026-10-03,1/3 중급,curtail,"줄이다, 삭감하다",The company decided to curtail travel expenses during the next quarter.,회사는 다음 분기 동안 출장 경비를 줄이기로 결정했습니다.,https://cayson-choi.github.io/toeic-tts/audio/2a9c405fcb.mp3
2026-10-03,2/3 초급,provide,"제공하다, 공급하다",Please provide your employee number when you call the help desk.,헬프데스크에 전화하실 때 사원 번호를 알려 주세요.,https://cayson-choi.github.io/toeic-tts/audio/b30424f666.mp3
2026-10-03,2/3 중급,stipulate,"규정하다, 명시하다",The contract stipulates that payment must be made within thirty days.,계약서는 30일 이내에 대금을 지불해야 한다고 규정하고 있습니다.,https://cayson-choi.github.io/toeic-tts/audio/6e4fd9251f.mp3
2026-10-03,3/3 초급,propose,"제안하다, 제의하다",She will propose a new marketing plan at tomorrow's team meeting.,그녀는 내일 팀 회의에서 새로운 마케팅 계획을 제안할 것입니다.,https://cayson-choi.github.io/toeic-tts/audio/e9f9245e41.mp3
2026-10-03,3/3 중급,scrutinize,"면밀히 조사하다, 세심히 검토하다",The auditors will scrutinize every expense report before approving the annual budget.,감사팀은 연간 예산을 승인하기 전에 모든 경비 보고서를 면밀히 검토할 것입니다.,https://cayson-choi.github.io/toeic-tts/audio/2abfadee1c.mp3
2026-10-04,1/3 초급,inform,"알리다, 통지하다",Please inform the manager if you cannot attend tomorrow's meeting.,내일 회의에 참석할 수 없으면 매니저에게 알려 주세요.,https://cayson-choi.github.io/toeic-tts/audio/cdb503c689.mp3
2026-10-04,1/3 중급,ascertain,"확인하다, 알아내다",We must ascertain the cause of the delay before filing the report.,보고서를 제출하기 전에 지연 원인을 확인해야 합니다.,https://cayson-choi.github.io/toeic-tts/audio/7c5f0ef464.mp3
2026-10-04,2/3 초급,collect,"모으다, 수거하다",Please collect all the signed forms before the end of the day.,오늘 업무가 끝나기 전에 서명된 서류를 모두 모아 주세요.,https://cayson-choi.github.io/toeic-tts/audio/523dada6b4.mp3
2026-10-04,2/3 중급,forecast,"예측하다, 전망하다",The finance team will forecast next quarter's sales based on current trends.,재무팀은 현재 추세를 바탕으로 다음 분기 매출을 예측할 것입니다.,https://cayson-choi.github.io/toeic-tts/audio/8907d369a0.mp3
2026-10-04,3/3 초급,reschedule,일정을 다시 잡다,We need to reschedule the client meeting because the manager is out of town.,매니저가 출장 중이라 고객 회의 일정을 다시 잡아야 합니다.,https://cayson-choi.github.io/toeic-tts/audio/0dbd67eccc.mp3
2026-10-04,3/3 중급,outsource,"외주를 주다, 외부에 위탁하다",The company decided to outsource its payroll processing to reduce operating costs.,회사는 운영비를 줄이기 위해 급여 처리를 외주로 맡기기로 했습니다.,https://cayson-choi.github.io/toeic-tts/audio/c2c4bfa4e1.mp3
2026-10-05,1/3 초급,distribute,"나눠 주다, 배포하다",Please distribute the meeting agenda to all staff members by noon.,정오까지 모든 직원에게 회의 안건을 나눠 주세요.,https://cayson-choi.github.io/toeic-tts/audio/20994b2372.mp3
2026-10-05,1/3 중급,reinforce,"강화하다, 보강하다",The new training program will reinforce our commitment to customer service.,새 교육 프로그램은 고객 서비스에 대한 우리의 의지를 강화할 것입니다.,https://cayson-choi.github.io/toeic-tts/audio/a118efab85.mp3
2026-10-05,2/3 초급,recommend,"추천하다, 권고하다",Our manager will recommend a reliable supplier for the new office equipment.,우리 매니저가 새 사무용 장비를 위한 믿을 만한 공급업체를 추천할 것입니다.,https://cayson-choi.github.io/toeic-tts/audio/bf8c5cfd5c.mp3
2026-10-05,2/3 중급,preliminary,"예비의, 사전의",The committee will review the preliminary budget before the final meeting on Friday.,위원회는 금요일 최종 회의 전에 예비 예산안을 검토할 것입니다.,https://cayson-choi.github.io/toeic-tts/audio/e548af1c36.mp3
"2026-10-05","3/3 초급","accept","받아들이다, 수락하다","Please accept our offer before the deadline.","마감 전에 저희 제안을 수락해 주세요.","https://cayson-choi.github.io/toeic-tts/audio/53c7e12d31.mp3"
"2026-10-05","3/3 중급","leverage","활용하다, 이용하다","We will leverage our network to enter new markets.","우리는 네트워크를 활용해 새로운 시장에 진출할 것입니다.","https://cayson-choi.github.io/toeic-tts/audio/737fa0ed9c.mp3"
"2026-10-06","1/3 초급","replace","교체하다, 대체하다","Please replace the old printer with the new model by Monday.","월요일까지 오래된 프린터를 새 모델로 교체해 주세요.","https://cayson-choi.github.io/toeic-tts/audio/323daf7175.mp3"
"2026-10-06","1/3 중급","ensure","보장하다, 확실히 하다","We must ensure that all invoices are approved before the end of the month.","우리는 월말 전에 모든 청구서가 승인되도록 해야 합니다.","https://cayson-choi.github.io/toeic-tts/audio/fa2f6e5a3c.mp3"
2026-10-06,2/3 초급,offer,"제공하다, 제안하다",We offer free delivery on all orders over fifty dollars.,50달러 이상 모든 주문에 무료 배송을 제공합니다.,https://cayson-choi.github.io/toeic-tts/audio/1fd817be59.mp3
2026-10-06,2/3 중급,expire,만료되다,Your membership will expire at the end of this month.,회원권은 이번 달 말에 만료됩니다.,https://cayson-choi.github.io/toeic-tts/audio/f031a7696c.mp3
2026-10-06,3/3 초급,enclose,"동봉하다, 둘러싸다",Please enclose a copy of your receipt with the application form.,신청서에 영수증 사본을 동봉해 주세요.,https://cayson-choi.github.io/toeic-tts/audio/f2c3a0bfaf.mp3
2026-10-06,3/3 중급,coordinate,"조정하다, 조율하다",Our team will coordinate the schedule with the overseas branch offices.,우리 팀이 해외 지사들과 일정을 조율할 것입니다.,https://cayson-choi.github.io/toeic-tts/audio/9c1805d505.mp3
2026-10-07,1/3 초급,complete,"완료하다, 작성하다",Please complete the online survey before the end of the day.,오늘 하루가 끝나기 전에 온라인 설문을 작성해 주세요.,https://cayson-choi.github.io/toeic-tts/audio/a9d593d1f7.mp3
2026-10-07,1/3 중급,amend,"수정하다, 개정하다",The board voted to amend the contract before the final signing.,이사회는 최종 서명 전에 계약서를 수정하기로 표결했습니다.,https://cayson-choi.github.io/toeic-tts/audio/eca6ea61d4.mp3
2026-10-07,2/3 초급,browse,"둘러보다, 검색하다",Customers can browse our full product catalog on the website.,고객은 웹사이트에서 전체 제품 카탈로그를 둘러볼 수 있습니다.,https://cayson-choi.github.io/toeic-tts/audio/d9042efdb6.mp3
2026-10-07,2/3 중급,finalize,"마무리하다, 확정하다",We need to finalize the budget proposal before the board meeting.,이사회 전에 예산안을 확정해야 합니다.,https://cayson-choi.github.io/toeic-tts/audio/84f2910eee.mp3
2026-10-07,3/3 초급,inspect,"검사하다, 점검하다",The manager will inspect the shipment as soon as it arrives.,관리자는 배송품이 도착하는 즉시 검사할 것입니다.,https://cayson-choi.github.io/toeic-tts/audio/86202a0cbe.mp3
2026-10-07,3/3 중급,supplement,"보충하다, 추가하다",Please supplement your application with two letters of reference.,지원서에 추천서 두 통을 추가해 주세요.,https://cayson-choi.github.io/toeic-tts/audio/5413bab06c.mp3
2026-10-08,1/3 초급,gather,"모으다, 수집하다",Please gather all the sales reports before Friday's meeting.,금요일 회의 전에 모든 영업 보고서를 모아 주세요.,https://cayson-choi.github.io/toeic-tts/audio/9a47825ec6.mp3
2026-10-08,1/3 중급,incorporate,"포함하다, 반영하다",We will incorporate your feedback into the final version of the contract.,계약서 최종본에 귀하의 의견을 반영하겠습니다.,https://cayson-choi.github.io/toeic-tts/audio/03d68a639d.mp3
2026-10-08,2/3 초급,book,예약하다,I would like to book a conference room for tomorrow's training session.,내일 교육 세션을 위해 회의실을 예약하고 싶습니다.,https://cayson-choi.github.io/toeic-tts/audio/9bba9e1c03.mp3
2026-10-08,2/3 중급,alleviate,"완화하다, 덜다",The new software should help alleviate the delays in order processing.,새 소프트웨어는 주문 처리 지연을 완화하는 데 도움이 될 것입니다.,https://cayson-choi.github.io/toeic-tts/audio/772bce025f.mp3
2026-10-08,3/3 초급,monitor,"감시하다, 모니터링하다",The technician will monitor the server performance throughout the night.,기술자가 밤새 서버 성능을 모니터링할 것입니다.,https://cayson-choi.github.io/toeic-tts/audio/3cb84722e6.mp3
2026-10-08,3/3 중급,undertake,"착수하다, 맡다",Our team will undertake a full review of the supplier contracts next month.,우리 팀은 다음 달에 공급업체 계약서 전체 검토에 착수할 것입니다.,https://cayson-choi.github.io/toeic-tts/audio/ba6e619fe5.mp3
2026-10-09,1/3 초급,participate,"참가하다, 참여하다",All new employees are encouraged to participate in the safety training.,신입 직원은 모두 안전 교육에 참여하도록 권장됩니다.,https://cayson-choi.github.io/toeic-tts/audio/0eb8501574.mp3
2026-10-09,1/3 중급,validate,"검증하다, 유효함을 확인하다",Please validate the account details before submitting the payment.,결제를 제출하기 전에 계좌 정보를 확인해 주세요.,https://cayson-choi.github.io/toeic-tts/audio/e3d6927fd7.mp3
2026-10-09,2/3 초급,reduce,"줄이다, 감소시키다",We need to reduce office supply costs by the end of this quarter.,이번 분기 말까지 사무용품 비용을 줄여야 합니다.,https://cayson-choi.github.io/toeic-tts/audio/31b203c949.mp3
2026-10-09,2/3 중급,rectify,"바로잡다, 시정하다",The accounting team will rectify the billing error before the invoice is sent.,회계팀이 청구서가 발송되기 전에 청구 오류를 바로잡을 것입니다.,https://cayson-choi.github.io/toeic-tts/audio/353bf70e48.mp3
2026-10-09,3/3 초급,respond,"응답하다, 답하다",Please respond to the client's inquiry before noon tomorrow.,내일 정오 전에 고객의 문의에 답해 주세요.,https://cayson-choi.github.io/toeic-tts/audio/eb1cb3b48c.mp3
2026-10-09,3/3 중급,disseminate,"배포하다, 널리 알리다",The department will disseminate the revised safety guidelines to all branch offices.,부서는 개정된 안전 지침을 모든 지점에 배포할 것입니다.,https://cayson-choi.github.io/toeic-tts/audio/663cd4f920.mp3
2026-10-10,1/3 초급,pay,"지불하다, 내다",Customers can pay the monthly invoice online before the end of the month.,고객은 월 청구서를 월말 전에 온라인으로 납부할 수 있습니다.,https://cayson-choi.github.io/toeic-tts/audio/46e7fc163b.mp3
2026-10-10,1/3 중급,optimize,최적화하다,The logistics team plans to optimize delivery routes to reduce shipping costs.,물류팀은 배송 비용을 줄이기 위해 배송 경로를 최적화할 계획입니다.,https://cayson-choi.github.io/toeic-tts/audio/9c2bf0de4e.mp3
2026-10-10,2/3 초급,agree,"동의하다, 찬성하다",Most managers agree that the new schedule is more efficient.,대부분의 관리자들은 새 일정이 더 효율적이라는 데 동의합니다.,https://cayson-choi.github.io/toeic-tts/audio/e1b23c6467.mp3
2026-10-10,2/3 중급,augment,"늘리다, 증대시키다",The company hopes to augment its sales team before the busy season begins.,회사는 성수기가 시작되기 전에 영업팀을 늘리기를 희망합니다.,https://cayson-choi.github.io/toeic-tts/audio/026c1096e2.mp3
2026-10-10,3/3 초급,assign,"배정하다, 맡기다",The manager will assign a new project to each team member on Monday.,관리자는 월요일에 각 팀원에게 새 프로젝트를 배정할 것입니다.,https://cayson-choi.github.io/toeic-tts/audio/15e7270ecb.mp3
2026-10-10,3/3 중급,underscore,강조하다,The report underscores the need for stronger security measures at all branches.,보고서는 모든 지점에서 보안 조치를 강화할 필요성을 강조합니다.,https://cayson-choi.github.io/toeic-tts/audio/5983362c9b.mp3
